diseaseId	targetId	datatypeId	score	evidenceCount
EFO_0004248	ENSG00000001626	genetic_association	0.8895085500265378	21
EFO_0004248	ENSG00000003756	genetic_association	0.4377101742803672	1
EFO_0004248	ENSG00000005100	genetic_association	0.07270305967532673	1
EFO_0004248	ENSG00000005339	genetic_association	0.3163390970861698	1
EFO_0004248	ENSG00000005436	genetic_association	0.19136106655136817	1
EFO_0004248	ENSG00000007237	genetic_association	0.3744933048739041	1
EFO_0004248	ENSG00000010072	genetic_association	0.4377101742803672	1
EFO_0004248	ENSG00000010626	genetic_association	0.6839221473130737	2
EFO_0004248	ENSG00000020633	genetic_association	0.08606961063485272	1
EFO_0004248	ENSG00000023697	genetic_association	0.35770130346475526	1
EFO_0004248	ENSG00000023734	genetic_association	0.18636645592492146	1
EFO_0004248	ENSG00000029725	genetic_association	0.03487254396541608	1
EFO_0004248	ENSG00000033800	genetic_association	0.08415509897365044	1
EFO_0004248	ENSG00000035681	genetic_association	0.521826844782364	1
EFO_0004248	ENSG00000039139	genetic_association	0.547137717850459	1
EFO_0004248	ENSG00000039600	genetic_association	0.42555155832813474	1
EFO_0004248	ENSG00000041982	genetic_association	0.1922706138177829	1
EFO_0004248	ENSG00000042062	genetic_association	0.501761147194408	1
EFO_0004248	ENSG00000042813	genetic_association	0.5946123353680104	9
EFO_0004248	ENSG00000047936	genetic_association	0.547137717850459	2
EFO_0004248	ENSG00000048405	genetic_association	0.036272864833532766	1
EFO_0004248	ENSG00000048707	genetic_association	0.2839994394295117	1
EFO_0004248	ENSG00000049768	genetic_association	0.6839221473130737	2
EFO_0004248	ENSG00000050767	genetic_association	0.28484593692724947	1
EFO_0004248	ENSG00000054598	genetic_association	0.4912625272932034	1
EFO_0004248	ENSG00000054796	genetic_association	0.4377101742803672	1
EFO_0004248	ENSG00000057468	genetic_association	0.8534396433393968	21
EFO_0004248	ENSG00000057704	genetic_association	0.43028039243830835	1
EFO_0004248	ENSG00000058668	genetic_association	0.26009067726319585	1
EFO_0004248	ENSG00000059377	genetic_association	0.5185408647693146	1
EFO_0004248	ENSG00000064218	genetic_association	0.077868303267693	1
EFO_0004248	ENSG00000064393	genetic_association	0.0714407462355017	1
EFO_0004248	ENSG00000066923	genetic_association	0.7650614674840279	18
EFO_0004248	ENSG00000067048	genetic_association	0.6231290675519116	4
EFO_0004248	ENSG00000067082	genetic_association	0.5168772929992218	1
EFO_0004248	ENSG00000067365	genetic_association	0.14189114004128422	1
EFO_0004248	ENSG00000068354	genetic_association	0.4377101742803672	1
EFO_0004248	ENSG00000068878	genetic_association	0.040071824015161905	1
EFO_0004248	ENSG00000068912	genetic_association	0.15133173771793956	1
EFO_0004248	ENSG00000069424	genetic_association	0.09859299776257105	1
EFO_0004248	ENSG00000071282	genetic_association	0.5147443990429769	1
EFO_0004248	ENSG00000072849	genetic_association	0.05729778176320491	1
EFO_0004248	ENSG00000073146	genetic_association	0.8007202845084429	16
EFO_0004248	ENSG00000074047	genetic_association	0.4377101742803672	1
EFO_0004248	ENSG00000074657	genetic_association	0.03531981232084343	1
EFO_0004248	ENSG00000075213	genetic_association	0.4377101742803672	1
EFO_0004248	ENSG00000076554	genetic_association	0.1561597103422579	1
EFO_0004248	ENSG00000077800	genetic_association	0.858979611437026	10
EFO_0004248	ENSG00000078269	genetic_association	0.04791990320629601	1
EFO_0004248	ENSG00000078549	genetic_association	0.10612325991931149	1
EFO_0004248	ENSG00000079134	genetic_association	0.06513489971581901	1
EFO_0004248	ENSG00000079246	genetic_association	0.03510251029662188	1
EFO_0004248	ENSG00000080503	genetic_association	0.43972470425363575	1
EFO_0004248	ENSG00000083168	genetic_association	0.2710825166623011	1
EFO_0004248	ENSG00000083642	genetic_association	0.03124560149283371	1
EFO_0004248	ENSG00000083799	genetic_association	0.30915325667128984	5
EFO_0004248	ENSG00000085185	genetic_association	0.6839221473130737	2
EFO_0004248	ENSG00000085224	genetic_association	0.4377101742803672	1
EFO_0004248	ENSG00000086475	genetic_association	0.1958928592637763	1
EFO_0004248	ENSG00000086758	genetic_association	0.4377101742803672	1
EFO_0004248	ENSG00000089012	genetic_association	0.1281551591081351	1
EFO_0004248	ENSG00000089101	genetic_association	0.8271611889686975	7
EFO_0004248	ENSG00000089116	genetic_association	0.21132367414398728	1
EFO_0004248	ENSG00000090402	genetic_association	0.035314583085359404	1
EFO_0004248	ENSG00000091592	genetic_association	0.22704736244680282	1
EFO_0004248	ENSG00000091656	genetic_association	0.06064399423486541	1
EFO_0004248	ENSG00000092020	genetic_association	0.6666812298928082	6
EFO_0004248	ENSG00000095627	genetic_association	0.4377101742803672	1
EFO_0004248	ENSG00000096872	genetic_association	0.6238114388553532	5
EFO_0004248	ENSG00000099721	genetic_association	0.18237923928348632	1
EFO_0004248	ENSG00000099785	genetic_association	0.08764753074361778	1
EFO_0004248	ENSG00000099949	genetic_association	0.747754881062294	3
EFO_0004248	ENSG00000100151	genetic_association	0.607930797611621	1
EFO_0004248	ENSG00000100206	genetic_association	0.7748246885226113	5
EFO_0004248	ENSG00000100312	genetic_association	0.547137717850459	1
EFO_0004248	ENSG00000100395	genetic_association	0.547137717850459	1
EFO_0004248	ENSG00000100439	genetic_association	0.049847713295719236	1
EFO_0004248	ENSG00000100890	genetic_association	0.012158615952232422	1
EFO_0004248	ENSG00000100918	genetic_association	0.5957721816593886	2
EFO_0004248	ENSG00000101292	genetic_association	0.6991204172533643	2
EFO_0004248	ENSG00000101307	genetic_association	0.10534830941482248	1
EFO_0004248	ENSG00000101350	genetic_association	0.547137717850459	1
EFO_0004248	ENSG00000101596	genetic_association	0.4377101742803672	1
EFO_0004248	ENSG00000101888	genetic_association	0.48634463808929684	2
EFO_0004248	ENSG00000102144	genetic_association	0.42555155832813474	1
EFO_0004248	ENSG00000102225	genetic_association	0.48634463808929684	2
EFO_0004248	ENSG00000102580	genetic_association	0.2664291719676935	1
EFO_0004248	ENSG00000102595	genetic_association	0.3847459219707706	1
EFO_0004248	ENSG00000103111	genetic_association	0.012158615952232422	1
EFO_0004248	ENSG00000103423	genetic_association	0.033622944656386766	1
EFO_0004248	ENSG00000103599	genetic_association	0.03660740002138812	1
EFO_0004248	ENSG00000103647	genetic_association	0.3074072277010897	1
EFO_0004248	ENSG00000104142	genetic_association	0.4049344216656498	1
EFO_0004248	ENSG00000104312	genetic_association	0.6467990061325688	5
EFO_0004248	ENSG00000105146	genetic_association	0.8027430993481135	30
EFO_0004248	ENSG00000105792	genetic_association	0.7410686240694018	13
EFO_0004248	ENSG00000105877	genetic_association	0.2279740491043579	2
EFO_0004248	ENSG00000105880	genetic_association	0.42813039532642233	1
EFO_0004248	ENSG00000105963	genetic_association	0.3831896072784272	1
EFO_0004248	ENSG00000106648	genetic_association	0.4711463681490063	2
EFO_0004248	ENSG00000106868	genetic_association	0.045281967920523525	1
EFO_0004248	ENSG00000106952	genetic_association	0.041604164395320886	1
EFO_0004248	ENSG00000107201	genetic_association	0.06291475973627982	1
EFO_0004248	ENSG00000107295	genetic_association	0.15318321772821447	1
EFO_0004248	ENSG00000107831	genetic_association	0.4377101742803672	1
EFO_0004248	ENSG00000108387	genetic_association	0.607930797611621	1
EFO_0004248	ENSG00000109047	genetic_association	0.05988244180622027	1
EFO_0004248	ENSG00000109685	genetic_association	0.4251483949164944	1
EFO_0004248	ENSG00000109832	genetic_association	0.547137717850459	1
EFO_0004248	ENSG00000109881	genetic_association	0.668723877372783	3
EFO_0004248	ENSG00000110080	genetic_association	0.14159964356765078	1
EFO_0004248	ENSG00000110768	genetic_association	0.19453785523571876	1
EFO_0004248	ENSG00000111254	genetic_association	0.6839221473130737	2
EFO_0004248	ENSG00000111266	genetic_association	0.17903280758705542	1
EFO_0004248	ENSG00000111666	genetic_association	0.012158615952232422	1
EFO_0004248	ENSG00000111877	genetic_association	0.4377101742803672	1
EFO_0004248	ENSG00000112053	genetic_association	0.796473340928886	15
EFO_0004248	ENSG00000112357	genetic_association	0.1004283801523087	1
EFO_0004248	ENSG00000112936	genetic_association	0.07181651742149178	1
EFO_0004248	ENSG00000113302	genetic_association	0.3355691441724313	3
EFO_0004248	ENSG00000113638	genetic_association	0.06945195349939715	2
EFO_0004248	ENSG00000114200	genetic_association	0.1765027544413942	1
EFO_0004248	ENSG00000114204	genetic_association	0.0383669573642481	1
EFO_0004248	ENSG00000114374	genetic_association	0.6495512943063039	8
EFO_0004248	ENSG00000114654	genetic_association	0.1923806247934745	1
EFO_0004248	ENSG00000114841	genetic_association	0.8937385847418485	2164
EFO_0004248	ENSG00000115239	genetic_association	0.1232302836999751	1
EFO_0004248	ENSG00000115364	genetic_association	0.04361982745265068	1
EFO_0004248	ENSG00000115421	genetic_association	0.12760875495622545	1
EFO_0004248	ENSG00000115423	genetic_association	0.5183540555961944	3
EFO_0004248	ENSG00000115425	genetic_association	0.4365241675477935	1
EFO_0004248	ENSG00000115602	genetic_association	0.4914438859668979	1
EFO_0004248	ENSG00000115604	genetic_association	0.07890914080672783	1
EFO_0004248	ENSG00000115607	genetic_association	0.0695153458067779	1
EFO_0004248	ENSG00000115616	genetic_association	0.033284772330295226	1
EFO_0004248	ENSG00000115750	genetic_association	0.03964174034524897	1
EFO_0004248	ENSG00000115840	genetic_association	0.29014623022528196	1
EFO_0004248	ENSG00000115896	genetic_association	0.13199080673274438	2
EFO_0004248	ENSG00000115904	genetic_association	0.4377101742803672	1
EFO_0004248	ENSG00000115963	genetic_association	0.5406274161498664	1
EFO_0004248	ENSG00000116183	genetic_association	0.4460462407444892	1
EFO_0004248	ENSG00000116670	genetic_association	0.19453785523571876	1
EFO_0004248	ENSG00000118434	genetic_association	0.547137717850459	1
EFO_0004248	ENSG00000118492	genetic_association	0.7151177083363637	3
EFO_0004248	ENSG00000118508	genetic_association	0.21010072050866968	3
EFO_0004248	ENSG00000118557	genetic_association	0.8111650589425586	15
EFO_0004248	ENSG00000118690	genetic_association	0.7989713039420897	16
EFO_0004248	ENSG00000118997	genetic_association	0.19453785523571876	1
EFO_0004248	ENSG00000119283	genetic_association	0.1509189700872258	1
EFO_0004248	ENSG00000119314	genetic_association	0.26215852849830557	1
EFO_0004248	ENSG00000119471	genetic_association	0.10704254547614686	1
EFO_0004248	ENSG00000119685	genetic_association	0.19453785523571876	1
EFO_0004248	ENSG00000119737	genetic_association	0.04836033664067927	1
EFO_0004248	ENSG00000119866	genetic_association	0.2091049020545444	1
EFO_0004248	ENSG00000120051	genetic_association	0.8091093663049238	10
EFO_0004248	ENSG00000120055	genetic_association	0.030847504709874584	1
EFO_0004248	ENSG00000120498	genetic_association	0.8299159421218357	20
EFO_0004248	ENSG00000120694	genetic_association	0.22973301082619912	1
EFO_0004248	ENSG00000121101	genetic_association	0.7981932925110787	25
EFO_0004248	ENSG00000121335	genetic_association	0.31427207926754264	1
EFO_0004248	ENSG00000121871	genetic_association	0.12591183746795734	1
EFO_0004248	ENSG00000122188	genetic_association	0.03249452138625228	1
EFO_0004248	ENSG00000122507	genetic_association	0.566795180868656	2
EFO_0004248	ENSG00000122642	genetic_association	0.03373890731282849	1
EFO_0004248	ENSG00000122643	genetic_association	0.060434666285195296	1
EFO_0004248	ENSG00000122729	genetic_association	0.38068258179253284	1
EFO_0004248	ENSG00000122735	genetic_association	0.18237923928348632	1
EFO_0004248	ENSG00000122877	genetic_association	0.08353023590701211	2
EFO_0004248	ENSG00000123165	genetic_association	0.4377101742803672	1
EFO_0004248	ENSG00000123576	genetic_association	0.4377101742803672	1
EFO_0004248	ENSG00000124177	genetic_association	0.28613590258243177	1
EFO_0004248	ENSG00000124212	genetic_association	0.5262153260952792	1
EFO_0004248	ENSG00000124721	genetic_association	0.8241365930665822	55
EFO_0004248	ENSG00000125089	genetic_association	0.040462922817330375	1
EFO_0004248	ENSG00000125207	genetic_association	0.4377101742803672	1
EFO_0004248	ENSG00000125249	genetic_association	0.2302563239062183	1
EFO_0004248	ENSG00000125398	genetic_association	0.3247084103455542	2
EFO_0004248	ENSG00000125409	genetic_association	0.7447152270742359	3
EFO_0004248	ENSG00000125414	genetic_association	0.03154159343309158	1
EFO_0004248	ENSG00000125885	genetic_association	0.547137717850459	1
EFO_0004248	ENSG00000126432	genetic_association	0.04464084757067946	2
EFO_0004248	ENSG00000126752	genetic_association	0.7173583411817128	4
EFO_0004248	ENSG00000126787	genetic_association	0.1829752299043305	1
EFO_0004248	ENSG00000127184	genetic_association	0.054223611831523556	1
EFO_0004248	ENSG00000127603	genetic_association	0.3133755767808542	1
EFO_0004248	ENSG00000127863	genetic_association	0.4799552759909666	1
EFO_0004248	ENSG00000128040	genetic_association	0.6054990744211746	3
EFO_0004248	ENSG00000128322	genetic_association	0.18072507787254605	1
EFO_0004248	ENSG00000128654	genetic_association	0.20643532411906088	1
EFO_0004248	ENSG00000128714	genetic_association	0.6991204172533643	2
EFO_0004248	ENSG00000129195	genetic_association	0.06531557897390276	1
EFO_0004248	ENSG00000129221	genetic_association	0.3893799712620331	1
EFO_0004248	ENSG00000129437	genetic_association	0.18237923928348632	1
EFO_0004248	ENSG00000129646	genetic_association	0.8362547756965092	16
EFO_0004248	ENSG00000130340	genetic_association	0.487857549900651	1
EFO_0004248	ENSG00000130413	genetic_association	0.547137717850459	1
EFO_0004248	ENSG00000130518	genetic_association	0.7325566111220034	3
EFO_0004248	ENSG00000130559	genetic_association	0.03186088253464185	1
EFO_0004248	ENSG00000130560	genetic_association	0.05173194113843197	1
EFO_0004248	ENSG00000130783	genetic_association	0.5323116504393184	5
EFO_0004248	ENSG00000131142	genetic_association	0.032204030447722735	1
EFO_0004248	ENSG00000131697	genetic_association	0.3306843326446598	1
EFO_0004248	ENSG00000132356	genetic_association	0.05288101637841436	2
EFO_0004248	ENSG00000132357	genetic_association	0.03275086036674845	1
EFO_0004248	ENSG00000132849	genetic_association	0.15171346058467977	1
EFO_0004248	ENSG00000133030	genetic_association	0.48634463808929684	2
EFO_0004248	ENSG00000133116	genetic_association	0.5263079802668351	1
EFO_0004248	ENSG00000133131	genetic_association	0.547137717850459	1
EFO_0004248	ENSG00000133195	genetic_association	0.08889608828204396	1
EFO_0004248	ENSG00000133226	genetic_association	0.04329820116139945	1
EFO_0004248	ENSG00000133477	genetic_association	0.19453785523571876	1
EFO_0004248	ENSG00000133863	genetic_association	0.8487771243312652	54
EFO_0004248	ENSG00000133962	genetic_association	0.547137717850459	1
EFO_0004248	ENSG00000134480	genetic_association	0.07144684738768617	1
EFO_0004248	ENSG00000134532	genetic_association	0.28740671777626586	1
EFO_0004248	ENSG00000134588	genetic_association	0.7509404384417788	6
EFO_0004248	ENSG00000134595	genetic_association	0.19453785523571876	1
EFO_0004248	ENSG00000134668	genetic_association	0.5957721816593886	3
EFO_0004248	ENSG00000134874	genetic_association	0.6609899185722818	7
EFO_0004248	ENSG00000134962	genetic_association	0.4377101742803672	1
EFO_0004248	ENSG00000135205	genetic_association	0.6839221473130737	2
EFO_0004248	ENSG00000135951	genetic_association	0.5957721816593886	2
EFO_0004248	ENSG00000136267	genetic_association	0.4512464697113714	2
EFO_0004248	ENSG00000136574	genetic_association	0.547137717850459	2
EFO_0004248	ENSG00000136634	genetic_association	0.2279740491043579	2
EFO_0004248	ENSG00000136828	genetic_association	0.15182990336148644	1
EFO_0004248	ENSG00000136839	genetic_association	0.1840783653254331	1
EFO_0004248	ENSG00000136859	genetic_association	0.5262153260952792	1
EFO_0004248	ENSG00000136931	genetic_association	0.8849362758952448	165
EFO_0004248	ENSG00000137090	genetic_association	0.5422975142116904	9
EFO_0004248	ENSG00000137273	genetic_association	0.034506710365092466	1
EFO_0004248	ENSG00000137462	genetic_association	0.39449304935682106	6
EFO_0004248	ENSG00000137473	genetic_association	0.7568720879251113	10
EFO_0004248	ENSG00000137801	genetic_association	0.2445814849981295	1
EFO_0004248	ENSG00000137872	genetic_association	0.26067372456371163	1
EFO_0004248	ENSG00000137948	genetic_association	0.5741844349686902	3
EFO_0004248	ENSG00000138111	genetic_association	0.49495738867967315	1
EFO_0004248	ENSG00000138311	genetic_association	0.04131484205164182	1
EFO_0004248	ENSG00000139351	genetic_association	0.18676985059957027	3
EFO_0004248	ENSG00000139364	genetic_association	0.08406201903497856	1
EFO_0004248	ENSG00000139410	genetic_association	0.06702738472292097	1
EFO_0004248	ENSG00000139626	genetic_association	0.051966543348821746	1
EFO_0004248	ENSG00000139631	genetic_association	0.1810704746512985	1
EFO_0004248	ENSG00000140057	genetic_association	0.6477872437545246	8
EFO_0004248	ENSG00000140262	genetic_association	0.547137717850459	2
EFO_0004248	ENSG00000140350	genetic_association	0.19311745555276338	1
EFO_0004248	ENSG00000140396	genetic_association	0.36414122133162474	1
EFO_0004248	ENSG00000140538	genetic_association	0.1795426048258582	1
EFO_0004248	ENSG00000140623	genetic_association	0.7069166864183388	11
EFO_0004248	ENSG00000140836	genetic_association	0.37174520461156824	1
EFO_0004248	ENSG00000140955	genetic_association	0.5592963338026914	1
EFO_0004248	ENSG00000141384	genetic_association	0.6029680972229547	3
EFO_0004248	ENSG00000141433	genetic_association	0.4173439930902563	1
EFO_0004248	ENSG00000141434	genetic_association	0.3569848189382895	1
EFO_0004248	ENSG00000141449	genetic_association	0.547137717850459	2
EFO_0004248	ENSG00000141497	genetic_association	0.784309051809479	12
EFO_0004248	ENSG00000141519	genetic_association	0.2279740491043579	2
EFO_0004248	ENSG00000141639	genetic_association	0.4906182691755971	2
EFO_0004248	ENSG00000142149	genetic_association	0.4213254048047133	1
EFO_0004248	ENSG00000142224	genetic_association	0.2279740491043579	2
EFO_0004248	ENSG00000142449	genetic_association	0.2493445326666852	1
EFO_0004248	ENSG00000142700	genetic_association	0.13346138596916807	1
EFO_0004248	ENSG00000143194	genetic_association	0.547137717850459	2
EFO_0004248	ENSG00000143199	genetic_association	0.18237923928348632	1
EFO_0004248	ENSG00000143452	genetic_association	0.5592963338026914	1
EFO_0004248	ENSG00000143942	genetic_association	0.2675349706979902	1
EFO_0004248	ENSG00000143995	genetic_association	0.18300541407519713	1
EFO_0004248	ENSG00000144460	genetic_association	0.5676550402067384	1
EFO_0004248	ENSG00000144642	genetic_association	0.2850824097952875	1
EFO_0004248	ENSG00000144647	genetic_association	0.05598645528122083	1
EFO_0004248	ENSG00000144962	genetic_association	0.5393021653479091	4
EFO_0004248	ENSG00000145309	genetic_association	0.28388386630468687	1
EFO_0004248	ENSG00000145423	genetic_association	0.256734617794617	1
EFO_0004248	ENSG00000145428	genetic_association	0.16382728692336704	1
EFO_0004248	ENSG00000145526	genetic_association	0.1922706138177829	1
EFO_0004248	ENSG00000145592	genetic_association	0.035194321992820375	1
EFO_0004248	ENSG00000145715	genetic_association	0.19136106655136817	1
EFO_0004248	ENSG00000145863	genetic_association	0.039885686785005176	1
EFO_0004248	ENSG00000145864	genetic_association	0.3229841078787357	1
EFO_0004248	ENSG00000146453	genetic_association	0.8194774495428818	17
EFO_0004248	ENSG00000147081	genetic_association	0.607930797611621	1
EFO_0004248	ENSG00000147174	genetic_association	0.7815285385573624	8
EFO_0004248	ENSG00000147206	genetic_association	0.4377101742803672	1
EFO_0004248	ENSG00000147592	genetic_association	0.16071848038384998	1
EFO_0004248	ENSG00000147596	genetic_association	0.30921411087067535	1
EFO_0004248	ENSG00000147724	genetic_association	0.08889608828204396	1
EFO_0004248	ENSG00000148411	genetic_association	0.3587314424726396	1
EFO_0004248	ENSG00000149527	genetic_association	0.2132095325841658	1
EFO_0004248	ENSG00000149571	genetic_association	0.37157638342061067	1
EFO_0004248	ENSG00000149633	genetic_association	0.4096638065554118	1
EFO_0004248	ENSG00000150275	genetic_association	0.39045073026456506	1
EFO_0004248	ENSG00000150672	genetic_association	0.46634344693708735	1
EFO_0004248	ENSG00000150990	genetic_association	0.5957721816593886	3
EFO_0004248	ENSG00000151012	genetic_association	0.1765027544413942	1
EFO_0004248	ENSG00000151014	genetic_association	0.03926205119590359	1
EFO_0004248	ENSG00000151773	genetic_association	0.3112080663858551	6
EFO_0004248	ENSG00000151834	genetic_association	0.043874282187186385	1
EFO_0004248	ENSG00000151835	genetic_association	0.048514509631069215	1
EFO_0004248	ENSG00000152092	genetic_association	0.1592167544711111	1
EFO_0004248	ENSG00000152127	genetic_association	0.10765759778136605	1
EFO_0004248	ENSG00000152128	genetic_association	0.3706525593674955	1
EFO_0004248	ENSG00000152582	genetic_association	0.7751577354102457	25
EFO_0004248	ENSG00000152670	genetic_association	0.19453785523571876	1
EFO_0004248	ENSG00000153086	genetic_association	0.045764629299833215	1
EFO_0004248	ENSG00000153790	genetic_association	0.3932397041700433	1
EFO_0004248	ENSG00000154240	genetic_association	0.6367144598658856	6
EFO_0004248	ENSG00000154277	genetic_association	0.0362189056457275	1
EFO_0004248	ENSG00000154359	genetic_association	0.058016671420932746	1
EFO_0004248	ENSG00000154438	genetic_association	0.4377101742803672	1
EFO_0004248	ENSG00000155085	genetic_association	0.7789113344398895	4
EFO_0004248	ENSG00000155592	genetic_association	0.03712228834783408	1
EFO_0004248	ENSG00000155729	genetic_association	0.11998144507364637	1
EFO_0004248	ENSG00000155754	genetic_association	0.6054990744211746	3
EFO_0004248	ENSG00000155761	genetic_association	0.6754852540486588	6
EFO_0004248	ENSG00000156042	genetic_association	0.5601859886284645	4
EFO_0004248	ENSG00000156304	genetic_association	0.03585990017229186	1
EFO_0004248	ENSG00000156414	genetic_association	0.7688506953165779	16
EFO_0004248	ENSG00000156509	genetic_association	0.7754824564655557	7
EFO_0004248	ENSG00000157093	genetic_association	0.21944598812280455	1
EFO_0004248	ENSG00000157343	genetic_association	0.7447152270742359	3
EFO_0004248	ENSG00000157796	genetic_association	0.739966303378671	259
EFO_0004248	ENSG00000157856	genetic_association	0.7588584269118959	9
EFO_0004248	ENSG00000157884	genetic_association	0.2396284546070603	1
EFO_0004248	ENSG00000158023	genetic_association	0.7958674976066059	18
EFO_0004248	ENSG00000158077	genetic_association	0.015198269940290528	2
EFO_0004248	ENSG00000158186	genetic_association	0.4377101742803672	1
EFO_0004248	ENSG00000158270	genetic_association	0.24964485248438348	1
EFO_0004248	ENSG00000158290	genetic_association	0.19453785523571876	1
EFO_0004248	ENSG00000158428	genetic_association	0.6052618331343017	4
EFO_0004248	ENSG00000158486	genetic_association	0.804778789878264	6
EFO_0004248	ENSG00000158828	genetic_association	0.18237923928348632	1
EFO_0004248	ENSG00000158863	genetic_association	0.04278101188075178	1
EFO_0004248	ENSG00000158865	genetic_association	0.44865316750178735	1
EFO_0004248	ENSG00000159055	genetic_association	0.0994773522981394	1
EFO_0004248	ENSG00000159267	genetic_association	0.34812350007022896	1
EFO_0004248	ENSG00000159374	genetic_association	0.7131151642892655	17
EFO_0004248	ENSG00000160339	genetic_association	0.08235931292570692	1
EFO_0004248	ENSG00000161594	genetic_association	0.7370376273055131	13
EFO_0004248	ENSG00000161609	genetic_association	0.8199652734051315	7
EFO_0004248	ENSG00000161970	genetic_association	0.03444669531947678	1
EFO_0004248	ENSG00000162039	genetic_association	0.793420560665545	12
EFO_0004248	ENSG00000162104	genetic_association	0.32001971792143835	1
EFO_0004248	ENSG00000162302	genetic_association	0.03129281408362428	1
EFO_0004248	ENSG00000162383	genetic_association	0.3480213521978724	1
EFO_0004248	ENSG00000162594	genetic_association	0.2435374562188075	3
EFO_0004248	ENSG00000162599	genetic_association	0.3855978547933943	1
EFO_0004248	ENSG00000162604	genetic_association	0.24535426137266414	1
EFO_0004248	ENSG00000162631	genetic_association	0.05824460177002502	1
EFO_0004248	ENSG00000162639	genetic_association	0.7055374645614869	3
EFO_0004248	ENSG00000162669	genetic_association	0.547137717850459	1
EFO_0004248	ENSG00000162779	genetic_association	0.5279000854993712	5
EFO_0004248	ENSG00000162909	genetic_association	0.038260144171364384	1
EFO_0004248	ENSG00000162924	genetic_association	0.0322866881509258	1
EFO_0004248	ENSG00000162981	genetic_association	0.5413596631185015	1
EFO_0004248	ENSG00000163114	genetic_association	0.6539470303956607	7
EFO_0004248	ENSG00000163285	genetic_association	0.18300541407519713	1
EFO_0004248	ENSG00000163421	genetic_association	0.5592963338026914	1
EFO_0004248	ENSG00000163440	genetic_association	0.547137717850459	1
EFO_0004248	ENSG00000163449	genetic_association	0.0772061810489615	1
EFO_0004248	ENSG00000163602	genetic_association	0.20840128113030867	1
EFO_0004248	ENSG00000163638	genetic_association	0.26067372456371163	1
EFO_0004248	ENSG00000163697	genetic_association	0.5502021757624566	1
EFO_0004248	ENSG00000163788	genetic_association	0.5144389700198858	1
EFO_0004248	ENSG00000163879	genetic_association	0.547137717850459	1
EFO_0004248	ENSG00000163995	genetic_association	0.4278860955905485	1
EFO_0004248	ENSG00000164483	genetic_association	0.3362997117263308	1
EFO_0004248	ENSG00000164600	genetic_association	0.27816898454210376	1
EFO_0004248	ENSG00000164610	genetic_association	0.14130655273205078	1
EFO_0004248	ENSG00000164619	genetic_association	0.24535426137266414	1
EFO_0004248	ENSG00000164733	genetic_association	0.4670536627221847	1
EFO_0004248	ENSG00000164751	genetic_association	0.1765027544413942	1
EFO_0004248	ENSG00000164756	genetic_association	0.04045805820155745	1
EFO_0004248	ENSG00000164758	genetic_association	0.27083022699884496	1
EFO_0004248	ENSG00000164823	genetic_association	0.04307766115561304	2
EFO_0004248	ENSG00000165124	genetic_association	0.5185408647693146	1
EFO_0004248	ENSG00000165164	genetic_association	0.7632372474436145	10
EFO_0004248	ENSG00000165181	genetic_association	0.8229007458179727	14
EFO_0004248	ENSG00000165376	genetic_association	0.547137717850459	1
EFO_0004248	ENSG00000165496	genetic_association	0.6052618331343017	4
EFO_0004248	ENSG00000165588	genetic_association	0.4377101742803672	1
EFO_0004248	ENSG00000165626	genetic_association	0.43205560578155855	1
EFO_0004248	ENSG00000165643	genetic_association	0.7412438181523637	9
EFO_0004248	ENSG00000165802	genetic_association	0.4377101742803672	1
EFO_0004248	ENSG00000166073	genetic_association	0.03262976585772691	1
EFO_0004248	ENSG00000166428	genetic_association	0.03481167512084956	1
EFO_0004248	ENSG00000166477	genetic_association	0.4377101742803672	1
EFO_0004248	ENSG00000166562	genetic_association	0.08968599498884414	1
EFO_0004248	ENSG00000166762	genetic_association	0.18237923928348632	1
EFO_0004248	ENSG00000167014	genetic_association	0.6746791178391827	5
EFO_0004248	ENSG00000167098	genetic_association	0.8706468511243859	13
EFO_0004248	ENSG00000167207	genetic_association	0.6718415775129719	8
EFO_0004248	ENSG00000167208	genetic_association	0.6975693223350133	4
EFO_0004248	ENSG00000167749	genetic_association	0.18237923928348632	1
EFO_0004248	ENSG00000167842	genetic_association	0.05729778176320491	1
EFO_0004248	ENSG00000168026	genetic_association	0.7977235850269374	12
EFO_0004248	ENSG00000168071	genetic_association	0.466334931594766	2
EFO_0004248	ENSG00000169006	genetic_association	0.31203834191691376	1
EFO_0004248	ENSG00000169032	genetic_association	0.4377101742803672	1
EFO_0004248	ENSG00000169064	genetic_association	0.19198388231229946	1
EFO_0004248	ENSG00000169083	genetic_association	0.888157304811232	29
EFO_0004248	ENSG00000169126	genetic_association	0.6535256074324927	2
EFO_0004248	ENSG00000169247	genetic_association	0.43636103533021653	1
EFO_0004248	ENSG00000169330	genetic_association	0.2916679762513507	1
EFO_0004248	ENSG00000169504	genetic_association	0.13072366491264567	2
EFO_0004248	ENSG00000169551	genetic_association	0.5957721816593886	2
EFO_0004248	ENSG00000169594	genetic_association	0.547137717850459	2
EFO_0004248	ENSG00000169704	genetic_association	0.0320168854177434	1
EFO_0004248	ENSG00000170262	genetic_association	0.06177947436847682	1
EFO_0004248	ENSG00000170279	genetic_association	0.24535426137266414	1
EFO_0004248	ENSG00000170485	genetic_association	0.4377101742803672	1
EFO_0004248	ENSG00000170571	genetic_association	0.2541335068349468	1
EFO_0004248	ENSG00000170627	genetic_association	0.6687238773727833	2
EFO_0004248	ENSG00000171206	genetic_association	0.03158980476482995	1
EFO_0004248	ENSG00000171522	genetic_association	0.26485455834823407	2
EFO_0004248	ENSG00000171772	genetic_association	0.6029680972229547	3
EFO_0004248	ENSG00000171988	genetic_association	0.06013508816287205	2
EFO_0004248	ENSG00000172059	genetic_association	0.24554866482608492	1
EFO_0004248	ENSG00000172115	genetic_association	0.04642027442307563	1
EFO_0004248	ENSG00000173253	genetic_association	0.1765027544413942	1
EFO_0004248	ENSG00000173264	genetic_association	0.08046186478756846	2
EFO_0004248	ENSG00000173457	genetic_association	0.05877687577577023	2
EFO_0004248	ENSG00000173588	genetic_association	0.040588850236063005	1
EFO_0004248	ENSG00000173610	genetic_association	0.21688431950405673	1
EFO_0004248	ENSG00000173698	genetic_association	0.5592963338026914	1
EFO_0004248	ENSG00000173809	genetic_association	0.6500114641461626	7
EFO_0004248	ENSG00000174125	genetic_association	0.643393427472299	3
EFO_0004248	ENSG00000174130	genetic_association	0.547137717850459	1
EFO_0004248	ENSG00000174226	genetic_association	0.5798102384266824	1
EFO_0004248	ENSG00000174469	genetic_association	0.39045073026456506	1
EFO_0004248	ENSG00000174776	genetic_association	0.04515017940978888	1
EFO_0004248	ENSG00000175193	genetic_association	0.18237923928348632	1
EFO_0004248	ENSG00000175294	genetic_association	0.7368430378918736	78
EFO_0004248	ENSG00000175643	genetic_association	0.23292309359051075	1
EFO_0004248	ENSG00000176046	genetic_association	0.11283767075179615	1
EFO_0004248	ENSG00000176165	genetic_association	0.2207288697378855	1
EFO_0004248	ENSG00000176476	genetic_association	0.044571702311614725	1
EFO_0004248	ENSG00000176601	genetic_association	0.04618893340761742	1
EFO_0004248	ENSG00000176679	genetic_association	0.4377101742803672	1
EFO_0004248	ENSG00000176771	genetic_association	0.19136106655136817	1
EFO_0004248	ENSG00000177613	genetic_association	0.3460136518915005	1
EFO_0004248	ENSG00000177990	genetic_association	0.8440995292686062	16
EFO_0004248	ENSG00000178031	genetic_association	0.2507131112374679	1
EFO_0004248	ENSG00000178222	genetic_association	0.6154961586485657	4
EFO_0004248	ENSG00000178460	genetic_association	0.7051997252294805	3
EFO_0004248	ENSG00000179008	genetic_association	0.7802684968245327	12
EFO_0004248	ENSG00000179168	genetic_association	0.668723877372783	3
EFO_0004248	ENSG00000179295	genetic_association	0.8061297472062898	5
EFO_0004248	ENSG00000179532	genetic_association	0.8787694034178487	39
EFO_0004248	ENSG00000179598	genetic_association	0.48634463808929684	2
EFO_0004248	ENSG00000179603	genetic_association	0.39403902304777094	1
EFO_0004248	ENSG00000179630	genetic_association	0.6803970797910938	6
EFO_0004248	ENSG00000180116	genetic_association	0.547137717850459	1
EFO_0004248	ENSG00000180185	genetic_association	0.7325566111220034	3
EFO_0004248	ENSG00000180251	genetic_association	0.250455331895877	1
EFO_0004248	ENSG00000180263	genetic_association	0.031223660898044098	1
EFO_0004248	ENSG00000181234	genetic_association	0.22529767701276696	1
EFO_0004248	ENSG00000181378	genetic_association	0.7520346130095856	12
EFO_0004248	ENSG00000181634	genetic_association	0.6967595282475301	6
EFO_0004248	ENSG00000181786	genetic_association	0.7882934859566884	9
EFO_0004248	ENSG00000181915	genetic_association	0.5218446726479898	2
EFO_0004248	ENSG00000182134	genetic_association	0.547137717850459	1
EFO_0004248	ENSG00000182601	genetic_association	0.5438969090107617	1
EFO_0004248	ENSG00000182674	genetic_association	0.25879052943272723	1
EFO_0004248	ENSG00000182890	genetic_association	0.4377101742803672	1
EFO_0004248	ENSG00000183035	genetic_association	0.3039653988058105	1
EFO_0004248	ENSG00000183044	genetic_association	0.039434427995224064	1
EFO_0004248	ENSG00000183682	genetic_association	0.14246582600035043	1
EFO_0004248	ENSG00000183715	genetic_association	0.39045073026456506	1
EFO_0004248	ENSG00000183833	genetic_association	0.7587219526512076	6
EFO_0004248	ENSG00000183914	genetic_association	0.7846837459355951	15
EFO_0004248	ENSG00000184619	genetic_association	0.06427098200182182	1
EFO_0004248	ENSG00000184937	genetic_association	0.547137717850459	2
EFO_0004248	ENSG00000184945	genetic_association	0.2705859453807208	1
EFO_0004248	ENSG00000185104	genetic_association	0.430626586398044	1
EFO_0004248	ENSG00000185176	genetic_association	0.04354060759243797	1
EFO_0004248	ENSG00000185345	genetic_association	0.5592963338026914	1
EFO_0004248	ENSG00000185352	genetic_association	0.3037339264366676	1
EFO_0004248	ENSG00000185420	genetic_association	0.4854792329080559	1
EFO_0004248	ENSG00000185532	genetic_association	0.635121363649699	2
EFO_0004248	ENSG00000185565	genetic_association	0.2606763697551561	1
EFO_0004248	ENSG00000185567	genetic_association	0.5373563651625037	1
EFO_0004248	ENSG00000185658	genetic_association	0.5028094305246116	4
EFO_0004248	ENSG00000185736	genetic_association	0.527081934295095	1
EFO_0004248	ENSG00000185739	genetic_association	0.07211499375816628	1
EFO_0004248	ENSG00000185972	genetic_association	0.8007968431539079	5
EFO_0004248	ENSG00000186106	genetic_association	0.044385302374088505	1
EFO_0004248	ENSG00000186281	genetic_association	0.621116141133153	6
EFO_0004248	ENSG00000187323	genetic_association	0.39045073026456506	1
EFO_0004248	ENSG00000187546	genetic_association	0.10898727754371501	2
EFO_0004248	ENSG00000187676	genetic_association	0.1428328916076482	1
EFO_0004248	ENSG00000187775	genetic_association	0.8285557585195727	28
EFO_0004248	ENSG00000187790	genetic_association	0.8257012377735768	328
EFO_0004248	ENSG00000188033	genetic_association	0.1501649546424225	1
EFO_0004248	ENSG00000188580	genetic_association	0.5867281478228971	2
EFO_0004248	ENSG00000188603	genetic_association	0.03914503770998392	1
EFO_0004248	ENSG00000188613	genetic_association	0.8378963487940351	13
EFO_0004248	ENSG00000188738	genetic_association	0.7876842955966036	30
EFO_0004248	ENSG00000188779	genetic_association	0.24239148389508292	1
EFO_0004248	ENSG00000188906	genetic_association	0.5927325276713306	2
EFO_0004248	ENSG00000196074	genetic_association	0.8045623610002026	10
EFO_0004248	ENSG00000196090	genetic_association	0.09315060695427023	1
EFO_0004248	ENSG00000196141	genetic_association	0.3549616823092415	1
EFO_0004248	ENSG00000196396	genetic_association	0.1093653315661572	1
EFO_0004248	ENSG00000196502	genetic_association	0.07351917823638938	1
EFO_0004248	ENSG00000196584	genetic_association	0.7147905704879106	15
EFO_0004248	ENSG00000196586	genetic_association	0.19453785523571876	1
EFO_0004248	ENSG00000196639	genetic_association	0.41914725270991804	1
EFO_0004248	ENSG00000196712	genetic_association	0.4377101742803672	1
EFO_0004248	ENSG00000197165	genetic_association	0.05527547855063945	1
EFO_0004248	ENSG00000197170	genetic_association	0.19453785523571876	1
EFO_0004248	ENSG00000197177	genetic_association	0.49933101343790015	1
EFO_0004248	ENSG00000197181	genetic_association	0.24317231904464845	2
EFO_0004248	ENSG00000197272	genetic_association	0.37466430019481606	1
EFO_0004248	ENSG00000197442	genetic_association	0.26017756999037256	1
EFO_0004248	ENSG00000197653	genetic_association	0.8306475062360537	26
EFO_0004248	ENSG00000197748	genetic_association	0.8275713902880604	24
EFO_0004248	ENSG00000198053	genetic_association	0.12837071503423703	1
EFO_0004248	ENSG00000198797	genetic_association	0.11063229673819712	1
EFO_0004248	ENSG00000198889	genetic_association	0.4377101742803672	1
EFO_0004248	ENSG00000198890	genetic_association	0.1922706138177829	1
EFO_0004248	ENSG00000203697	genetic_association	0.5173520142747605	1
EFO_0004248	ENSG00000203910	genetic_association	0.4377101742803672	1
EFO_0004248	ENSG00000203963	genetic_association	0.5360115711708052	3
EFO_0004248	ENSG00000204410	genetic_association	0.7732745524075433	12
EFO_0004248	ENSG00000205078	genetic_association	0.012158615952232422	1
EFO_0004248	ENSG00000206530	genetic_association	0.79451378884242	14
EFO_0004248	ENSG00000206557	genetic_association	0.5337420282051615	8
EFO_0004248	ENSG00000206579	genetic_association	0.27933973540478757	1
EFO_0004248	ENSG00000214941	genetic_association	0.7720721129667588	4
EFO_0004248	ENSG00000215262	genetic_association	0.7447152270742359	3
EFO_0004248	ENSG00000221947	genetic_association	0.37010366402501316	1
EFO_0004248	ENSG00000232258	genetic_association	0.1765027544413942	1
EFO_0004248	ENSG00000233232	genetic_association	0.030944998585297593	1
EFO_0004248	ENSG00000235118	genetic_association	0.32133024722243914	1
EFO_0004248	ENSG00000235608	genetic_association	0.09878193871448145	1
EFO_0004248	ENSG00000240230	genetic_association	0.03539502815839015	1
EFO_0004248	ENSG00000242866	genetic_association	0.7229646609232551	10
EFO_0004248	ENSG00000244038	genetic_association	0.18237923928348632	1
EFO_0004248	ENSG00000244588	genetic_association	0.5592963338026914	1
EFO_0004248	ENSG00000244754	genetic_association	0.03612419510958984	1
EFO_0004248	ENSG00000249961	genetic_association	0.7719505268072364	6
EFO_0004248	ENSG00000250305	genetic_association	0.4630015555487112	1
EFO_0004248	ENSG00000255524	genetic_association	0.03724470318785916	1
EFO_0004248	ENSG00000255804	genetic_association	0.11029041480287093	1
EFO_0004248	ENSG00000258947	genetic_association	0.4377101742803672	1
EFO_0004248	ENSG00000258992	genetic_association	0.607930797611621	1
EFO_0004248	ENSG00000260314	genetic_association	0.18237923928348632	1
EFO_0004248	ENSG00000268500	genetic_association	0.47303005608278037	1
EFO_0004248	ENSG00000271271	genetic_association	0.0403731357796519	1
EFO_0004248	ENSG00000275074	genetic_association	0.5231593418547789	2
EFO_0004248	ENSG00000286190	genetic_association	0.05729778176320491	1
EFO_0004248	ENSG00000289761	genetic_association	0.04135915353777452	1
